{
  "balance": 3665.2599999999998,
  "assets": {
    "BINANCE:SOLUSDT": {
      "units": 4,
      "avgPrice": 176.92000000000002
    },
    "META": null
  }
}